{
  "overall_metrics": {
    "accuracy": 0.8916666666666667,
    "f1_weighted": 0.8913380369408512,
    "f1_macro": 0.8913380369408511,
    "precision_weighted": 0.9024555903866248,
    "precision_macro": 0.9024555903866249,
    "recall_weighted": 0.8916666666666667,
    "recall_macro": 0.8916666666666666
  },
  "per_class_metrics": {
    "GNB": {
      "f1_score": 0.9152542372881356,
      "precision": 0.9310344827586207,
      "recall": 0.9,
      "sensitivity": 0.9,
      "specificity": 0.9777777777777777
    },
    "GNC": {
      "f1_score": 0.8679245283018868,
      "precision": 1.0,
      "recall": 0.7666666666666667,
      "sensitivity": 0.7666666666666667,
      "specificity": 1.0
    },
    "GPB": {
      "f1_score": 0.9206349206349206,
      "precision": 0.8787878787878788,
      "recall": 0.9666666666666667,
      "sensitivity": 0.9666666666666667,
      "specificity": 0.9555555555555556
    },
    "GPC": {
      "f1_score": 0.8615384615384616,
      "precision": 0.8,
      "recall": 0.9333333333333333,
      "sensitivity": 0.9333333333333333,
      "specificity": 0.9222222222222223
    }
  },
  "confusion_matrix": [
    [
      27,
      0,
      2,
      1
    ],
    [
      2,
      23,
      0,
      5
    ],
    [
      0,
      0,
      29,
      1
    ],
    [
      0,
      0,
      2,
      28
    ]
  ],
  "class_names": [
    "GNB",
    "GNC",
    "GPB",
    "GPC"
  ]
}