model_name,best_epoch,test_accuracy,test_precision,test_recall,test_f1,training_time,avg_time_per_epoch,early_stopped
volo_d5_512,7,0.9083333333333333,0.9157781862745098,0.9083333333333334,0.908176523297491,1893.2976126670837,191.76621182759604,True
volo_d1_384,11,0.8583333333333333,0.8737591431556949,0.8583333333333333,0.8586451213569858,1216.1110877990723,90.39194365648123,True
volo_d2_384,2,0.825,0.8615967365967366,0.825,0.8258219954648526,1003.2539608478546,241.08873385190964,True
volo_d3_448,8,0.8583333333333333,0.8759662299216052,0.8583333333333334,0.8555068934986086,1624.3041441440582,155.6781447649002,True
volo_d4_448,9,0.8666666666666667,0.8815656565656566,0.8666666666666667,0.8652257872846109,1118.2874393463135,93.21111635728316,True
