model_name,best_epoch,accuracy,precision,f1,training_time,avg_time_per_epoch,early_stopped
volo_d5_512,4,0.8833333333333333,0.8993184995340169,0.883588272625182,1236.1791121959686,176.89315962791443,True
volo_d1_384,11,0.8666666666666667,0.8796875,0.864815355422566,1147.700564622879,85.35577137653644,True
volo_d2_384,5,0.875,0.8896073492847687,0.8774128806902814,1079.182621717453,148.79270015444075,True
volo_d3_448,5,0.8416666666666667,0.8529745208041141,0.8418740451218026,1419.0588433742523,192.50022867747717,True
volo_d4_448,8,0.8583333333333333,0.8729575163398693,0.8586154024104,1088.3692915439606,98.95609512329102,True
