model_name,best_epoch,accuracy,precision,f1,training_time,avg_time_per_epoch,early_stopped
volo_d5_512,5,0.875,0.8820012089716524,0.8737062718804292,1131.2419826984406,145.32251695224218,True
volo_d1_384,10,0.875,0.8770043681808388,0.8737503481805982,679.6494235992432,54.03496400515238,True
volo_d2_384,2,0.82,0.8314535910518053,0.8166682302905213,410.35138297080994,95.35173398256302,True
volo_d3_448,6,0.895,0.89535720045154,0.8943174827416914,640.3526923656464,74.1725110411644,True
volo_d4_448,1,0.81,0.8215491632070713,0.8062224472774931,291.584025144577,73.13034057617188,True
