fold,best_epoch,best_val_acc,best_val_f1,early_stopped,training_time
1,6,0.9073604060913706,0.9056588834394805,True,912.4786834716797
2,7,0.8869123252858958,0.887735349865454,True,765.9753754138947
3,8,0.8958068614993647,0.8990052244709544,True,797.9741086959839
4,4,0.9085133418043202,0.9076490255874217,True,535.1430656909943
5,7,0.8945362134688691,0.89283192019513,True,731.7414333820343
