{
  "overall_metrics": {
    "accuracy": 0.87,
    "f1_weighted": 0.8702155739546228,
    "f1_macro": 0.8702155739546228,
    "precision_weighted": 0.8730186480186481,
    "precision_macro": 0.873018648018648,
    "recall_weighted": 0.87,
    "recall_macro": 0.87
  },
  "per_class_metrics": {
    "GNB": {
      "f1_score": 0.8723404255319149,
      "precision": 0.9318181818181818,
      "recall": 0.82,
      "sensitivity": 0.82,
      "specificity": 0.98
    },
    "GNC": {
      "f1_score": 0.8431372549019608,
      "precision": 0.8269230769230769,
      "recall": 0.86,
      "sensitivity": 0.86,
      "specificity": 0.94
    },
    "GPB": {
      "f1_score": 0.9,
      "precision": 0.9,
      "recall": 0.9,
      "sensitivity": 0.9,
      "specificity": 0.9666666666666667
    },
    "GPC": {
      "f1_score": 0.8653846153846154,
      "precision": 0.8333333333333334,
      "recall": 0.9,
      "sensitivity": 0.9,
      "specificity": 0.94
    }
  },
  "confusion_matrix": [
    [
      41,
      5,
      3,
      1
    ],
    [
      3,
      43,
      0,
      4
    ],
    [
      0,
      1,
      45,
      4
    ],
    [
      0,
      3,
      2,
      45
    ]
  ],
  "class_names": [
    "GNB",
    "GNC",
    "GPB",
    "GPC"
  ]
}