accuracy,f1_weighted,f1_macro,precision_weighted,precision_macro,recall_weighted,recall_macro
0.87,0.8702155739546228,0.8702155739546228,0.8730186480186481,0.873018648018648,0.87,0.87
